scenario_id,replicate_id,realised_kappa,misclass_primary_to_secondary,misclass_secondary_to_primary,net_primary_rate,unsafe_secondary_rate,over_escalation_rate,over_escalation_burden_hours_per_100,n_latent_primary,n_latent_secondary
18,0,0.6402249652129287,0.0,0.14050632911392405,0.321,0.0,0.14050632911392405,9.25,210,790
18,1,0.5611600179765776,0.010309278350515464,0.17866004962779156,0.336,0.010309278350515464,0.17866004962779156,12.0,194,806
18,2,0.5778879045697746,0.005434782608695652,0.1642156862745098,0.317,0.005434782608695652,0.1642156862745098,11.166666666666664,184,816
18,3,0.5802987285520306,0.004424778761061947,0.1834625322997416,0.367,0.004424778761061947,0.1834625322997416,11.833333333333334,226,774
18,4,0.6315789473684211,0.004830917874396135,0.15006305170239598,0.325,0.004830917874396135,0.15006305170239598,9.916666666666666,207,793
18,5,0.5583586437736316,0.005235602094240838,0.19530284301606923,0.348,0.005235602094240838,0.19530284301606923,13.166666666666668,191,809
18,6,0.587213356852771,0.0049261083743842365,0.1806775407779172,0.346,0.0049261083743842365,0.1806775407779172,12.000000000000002,203,797
18,7,0.5978103608369864,0.005208333333333333,0.15965346534653466,0.32,0.005208333333333333,0.15965346534653466,10.750000000000002,192,808
18,8,0.6020254808422397,0.0049504950495049506,0.16541353383458646,0.333,0.0049504950495049506,0.16541353383458646,11.0,202,798
18,9,0.6118329655961428,0.0,0.16412213740458015,0.343,0.0,0.16412213740458015,10.75,214,786
18,10,0.6096735451468499,0.005235602094240838,0.15203955500618047,0.313,0.005235602094240838,0.15203955500618047,10.25,191,809
18,11,0.5885106463950678,0.0041841004184100415,0.19579500657030224,0.387,0.0041841004184100415,0.19579500657030224,12.416666666666666,239,761
18,12,0.5551067197991156,0.0,0.18137847642079807,0.323,0.0,0.18137847642079807,12.499999999999998,173,827
18,13,0.5718333835023508,0.0,0.17358490566037735,0.343,0.0,0.17358490566037735,11.5,205,795
18,14,0.6177530160857909,0.00966183574879227,0.15762925598991173,0.33,0.00966183574879227,0.15762925598991173,10.416666666666666,207,793
18,15,0.6296609810809666,0.0,0.15269086357947434,0.323,0.0,0.15269086357947434,10.166666666666666,201,799
18,16,0.6290176598118251,0.015151515151515152,0.16209476309226933,0.325,0.015151515151515152,0.16209476309226933,10.833333333333336,198,802
18,17,0.623342175066313,0.005,0.155,0.323,0.005,0.155,10.333333333333334,200,800
18,18,0.6224418509081943,0.004901960784313725,0.16959798994974876,0.338,0.004901960784313725,0.16959798994974876,11.250000000000002,204,796
18,19,0.6172915667055087,0.005494505494505495,0.13691931540342298,0.293,0.005494505494505495,0.13691931540342298,9.333333333333334,182,818
18,20,0.637774359674312,0.004830917874396135,0.15006305170239598,0.325,0.004830917874396135,0.15006305170239598,9.916666666666666,207,793
18,21,0.5831607290803645,0.009900990099009901,0.17794486215538846,0.342,0.009900990099009901,0.17794486215538846,11.833333333333334,202,798
18,22,0.5759139565184067,0.010362694300518135,0.1970260223048327,0.35,0.010362694300518135,0.1970260223048327,13.25,193,807
18,23,0.5944558521560573,0.004878048780487805,0.1761006289308176,0.344,0.004878048780487805,0.1761006289308176,11.666666666666664,205,795
18,24,0.639793210863025,0.014018691588785047,0.16539440203562342,0.341,0.014018691588785047,0.16539440203562342,10.833333333333336,214,786
18,25,0.6110395401843227,0.0,0.16427640156453716,0.359,0.0,0.16427640156453716,10.5,233,767
18,26,0.6109611064163075,0.009569377990430622,0.16687737041719342,0.339,0.009569377990430622,0.16687737041719342,11.0,209,791
18,27,0.6556153825129143,0.01020408163265306,0.13681592039800994,0.304,0.01020408163265306,0.13681592039800994,9.166666666666666,196,804
18,28,0.607361575191576,0.0,0.1643835616438356,0.329,0.0,0.1643835616438356,11.0,197,803
18,29,0.6083523462060119,0.009389671361502348,0.15120711562897077,0.33,0.009389671361502348,0.15120711562897077,9.916666666666666,213,787
18,30,0.6144287031778368,0.005154639175257732,0.17369727047146402,0.333,0.005154639175257732,0.17369727047146402,11.666666666666668,194,806
18,31,0.605970582593232,0.00966183574879227,0.1664564943253468,0.337,0.00966183574879227,0.1664564943253468,11.0,207,793
18,32,0.5809545094374123,0.0,0.18387909319899245,0.352,0.0,0.18387909319899245,12.166666666666668,206,794
18,33,0.5701639763025259,0.0,0.20506329113924052,0.372,0.0,0.20506329113924052,13.5,210,790
18,34,0.5786040573696912,0.0,0.18414322250639387,0.362,0.0,0.18414322250639387,12.0,218,782
18,35,0.5652394852887204,0.0058823529411764705,0.16626506024096385,0.307,0.0058823529411764705,0.16626506024096385,11.5,170,830
18,36,0.5763306455965371,0.0,0.16646115906288533,0.324,0.0,0.16646115906288533,11.250000000000002,189,811
18,37,0.5720238159325574,0.0,0.16480793060718713,0.326,0.0,0.16480793060718713,11.083333333333334,193,807
18,38,0.5903614457831325,0.0,0.16563658838071693,0.325,0.0,0.16563658838071693,11.166666666666666,191,809
18,39,0.5980771163090787,0.004975124378109453,0.16145181476846057,0.329,0.004975124378109453,0.16145181476846057,10.75,201,799
18,40,0.6514077960709784,0.0,0.14974619289340102,0.33,0.0,0.14974619289340102,9.833333333333334,212,788
18,41,0.5923804978923088,0.0,0.17866323907455012,0.361,0.0,0.17866323907455012,11.583333333333332,222,778
18,42,0.5700314748201438,0.02197802197802198,0.15892420537897312,0.308,0.02197802197802198,0.15892420537897312,10.833333333333334,182,818
18,43,0.6466123439844714,0.009302325581395349,0.1554140127388535,0.335,0.009302325581395349,0.1554140127388535,10.166666666666666,215,785
18,44,0.6283014422951078,0.0049261083743842365,0.15809284818067754,0.328,0.0049261083743842365,0.15809284818067754,10.5,203,797
18,45,0.6066029786499629,0.004901960784313725,0.18090452261306533,0.347,0.004901960784313725,0.18090452261306533,12.000000000000002,204,796
18,46,0.6174128838796402,0.0,0.15736040609137056,0.336,0.0,0.15736040609137056,10.333333333333334,212,788
18,47,0.5933462234907774,0.014285714285714285,0.1759493670886076,0.346,0.014285714285714285,0.1759493670886076,11.583333333333334,210,790
18,48,0.6262266182434882,0.0056179775280898875,0.15085158150851583,0.301,0.0056179775280898875,0.15085158150851583,10.333333333333332,178,822
18,49,0.6237548722390645,0.01015228426395939,0.14819427148194272,0.314,0.01015228426395939,0.14819427148194272,9.916666666666668,197,803
18,50,0.579070250369015,0.010526315789473684,0.1469135802469136,0.307,0.010526315789473684,0.1469135802469136,9.916666666666666,190,810
18,51,0.5812003163108169,0.010256410256410256,0.1826086956521739,0.34,0.010256410256410256,0.1826086956521739,12.25,195,805
18,52,0.5452850143311856,0.005128205128205128,0.20124223602484473,0.356,0.005128205128205128,0.20124223602484473,13.5,195,805
18,53,0.6313224281470945,0.0,0.15365239294710328,0.328,0.0,0.15365239294710328,10.166666666666666,206,794
18,54,0.5796236014400586,0.005405405405405406,0.17177914110429449,0.324,0.005405405405405406,0.17177914110429449,11.666666666666666,185,815
18,55,0.5485098287888395,0.004830917874396135,0.19293820933165196,0.359,0.004830917874396135,0.19293820933165196,12.75,207,793
18,56,0.5894255939643073,0.0047169811320754715,0.19035532994923857,0.361,0.0047169811320754715,0.19035532994923857,12.499999999999998,212,788
18,57,0.5926412614980288,0.01,0.16875,0.333,0.01,0.16875,11.25,200,800
18,58,0.6527478680334222,0.009852216748768473,0.13801756587202008,0.311,0.009852216748768473,0.13801756587202008,9.166666666666666,203,797
18,59,0.5760173045871373,0.0,0.17893401015228427,0.353,0.0,0.17893401015228427,11.75,212,788
18,60,0.5557694443416132,0.010362694300518135,0.1809169764560099,0.337,0.010362694300518135,0.1809169764560099,12.166666666666666,193,807
18,61,0.5661664392905865,0.0,0.16276202219482122,0.321,0.0,0.16276202219482122,11.000000000000002,189,811
18,62,0.6095823296452048,0.0,0.16645489199491742,0.344,0.0,0.16645489199491742,10.916666666666668,213,787
18,63,0.5705372763105199,0.0,0.1668757841907152,0.336,0.0,0.1668757841907152,11.083333333333334,203,797
18,64,0.5544713150159465,0.005747126436781609,0.18401937046004843,0.325,0.005747126436781609,0.18401937046004843,12.666666666666666,174,826
18,65,0.5333684499816781,0.005649717514124294,0.1591737545565006,0.307,0.005649717514124294,0.1591737545565006,10.916666666666664,177,823
18,66,0.6128170894526034,0.0,0.16296296296296298,0.322,0.0,0.16296296296296298,11.0,190,810
18,67,0.6176902373379006,0.0,0.16624365482233502,0.343,0.0,0.16624365482233502,10.916666666666666,212,788
18,68,0.6160950151414274,0.0,0.15403726708074533,0.319,0.0,0.15403726708074533,10.333333333333332,195,805
18,69,0.596926169437581,0.0,0.16541353383458646,0.334,0.0,0.16541353383458646,11.0,202,798
18,70,0.620391905258374,0.004975124378109453,0.15018773466833543,0.32,0.004975124378109453,0.15018773466833543,10.000000000000002,201,799
18,71,0.5423294414385094,0.009523809523809525,0.1911392405063291,0.359,0.009523809523809525,0.1911392405063291,12.583333333333334,210,790
18,72,0.6347050496953338,0.0,0.16603295310519645,0.342,0.0,0.16603295310519645,10.916666666666666,211,789
18,73,0.63649486908585,0.0049504950495049506,0.15789473684210525,0.327,0.0049504950495049506,0.15789473684210525,10.500000000000002,202,798
18,74,0.5909309138652374,0.008968609865470852,0.19047619047619047,0.369,0.008968609865470852,0.19047619047619047,12.333333333333334,223,777
18,75,0.6239266239057308,0.004784688995215311,0.15423514538558786,0.33,0.004784688995215311,0.15423514538558786,10.166666666666666,209,791
18,76,0.6201699995893729,0.004901960784313725,0.1708542713567839,0.339,0.004901960784313725,0.1708542713567839,11.333333333333336,204,796
18,77,0.5959142440228982,0.005649717514124294,0.15552855407047386,0.304,0.005649717514124294,0.15552855407047386,10.666666666666666,177,823
18,78,0.6194988102638855,0.005025125628140704,0.15106117353308365,0.319,0.005025125628140704,0.15106117353308365,10.083333333333336,199,801
18,79,0.6179918163079036,0.0,0.16666666666666666,0.34,0.0,0.16666666666666666,11.0,208,792
18,80,0.5465379276783293,0.00546448087431694,0.16768665850673195,0.319,0.00546448087431694,0.16768665850673195,11.416666666666666,183,817
18,81,0.6343444579678954,0.0,0.15683814303638646,0.328,0.0,0.15683814303638646,10.416666666666668,203,797
18,82,0.6237696249898315,0.009216589861751152,0.16347381864623245,0.343,0.009216589861751152,0.16347381864623245,10.666666666666666,217,783
18,83,0.575608074056391,0.0,0.17428924598269468,0.332,0.0,0.17428924598269468,11.750000000000002,191,809
18,84,0.5773388604405428,0.005319148936170213,0.16625615763546797,0.322,0.005319148936170213,0.16625615763546797,11.25,188,812
18,85,0.6070133010882708,0.0,0.170076726342711,0.351,0.0,0.170076726342711,11.083333333333334,218,782
18,86,0.6014531630822998,0.004651162790697674,0.16687898089171974,0.345,0.004651162790697674,0.16687898089171974,10.916666666666666,215,785
18,87,0.6078983350760073,0.0045662100456621,0.17157490396927016,0.352,0.0045662100456621,0.17157490396927016,11.166666666666668,219,781
18,88,0.6095071333346599,0.0,0.1703225806451613,0.357,0.0,0.1703225806451613,11.0,225,775
18,89,0.5822117393212791,0.0,0.1691542288557214,0.332,0.0,0.1691542288557214,11.333333333333336,196,804
18,90,0.5890494358308305,0.004545454545454545,0.16923076923076924,0.351,0.004545454545454545,0.16923076923076924,11.0,220,780
18,91,0.6255436073837636,0.004651162790697674,0.15414012738853503,0.335,0.004651162790697674,0.15414012738853503,10.083333333333334,215,785
18,92,0.5977211446464294,0.005319148936170213,0.16009852216748768,0.317,0.005319148936170213,0.16009852216748768,10.833333333333334,188,812
18,93,0.580943978826643,0.005434782608695652,0.16053921568627452,0.314,0.005434782608695652,0.16053921568627452,10.916666666666666,184,816
18,94,0.5852122862247936,0.005291005291005291,0.17385943279901356,0.329,0.005291005291005291,0.17385943279901356,11.750000000000002,189,811
18,95,0.647413138757621,0.008403361344537815,0.16010498687664043,0.358,0.008403361344537815,0.16010498687664043,10.166666666666666,238,762
18,96,0.598851232574302,0.0048543689320388345,0.17632241813602015,0.345,0.0048543689320388345,0.17632241813602015,11.666666666666666,206,794
18,97,0.558643791589335,0.0,0.16606498194945848,0.307,0.0,0.16606498194945848,11.5,169,831
18,98,0.6363636363636362,0.0,0.14303638644918445,0.317,0.0,0.14303638644918445,9.500000000000002,203,797
18,99,0.6351531291611185,0.004830917874396135,0.1424968474148802,0.319,0.004830917874396135,0.1424968474148802,9.416666666666666,207,793
