target_kappa,base_rate_primary,n_thresholds,n_replicates,realised_kappa_mean,realised_kappa_mcse,misclass_primary_to_secondary_mean,misclass_primary_to_secondary_mcse,misclass_secondary_to_primary_mean,misclass_secondary_to_primary_mcse,net_primary_rate_mean,net_primary_rate_mcse,unsafe_secondary_rate_mean,unsafe_secondary_rate_mcse,over_escalation_rate_mean,over_escalation_rate_mcse,over_escalation_burden_hours_per_100_mean,over_escalation_burden_hours_per_100_mcse,scenario_id
0.2,0.05,1000,100,0.19674506066248548,0.0034171517299303525,0.012468079979383307,0.0016621675863085761,0.2374944576632749,0.0013455113876640209,0.27527999999999997,0.0014312585406211584,0.012468079979383307,0.0016621675863085761,0.2374944576632749,0.0013455113876640209,18.79333333333333,0.10643888768946312,0
0.3,0.05,1000,100,0.2968008535939761,0.004285466601502008,0.003603102142473438,0.0008634284824123844,0.16879709601143625,0.001238443141080323,0.20962,0.0012955853557915103,0.003603102142473438,0.0008634284824123844,0.16879709601143625,0.001238443141080323,13.372499999999997,0.0983124656851353,1
0.4,0.05,1000,100,0.3975074957006357,0.004494050346410976,0.0025654988060895335,0.0007544886465242312,0.12076162291174423,0.0010442059997600723,0.16422,0.001210357656465913,0.0025654988060895335,0.0007544886465242312,0.12076162291174423,0.0010442059997600723,9.564166666666665,0.08234136024612988,2
0.5,0.05,1000,100,0.497566802701893,0.0051168562943245885,0.0007556826122863858,0.0003723264283388791,0.08548434171187243,0.0009848912281534767,0.13041999999999998,0.0010532470236982836,0.0007556826122863858,0.0003723264283388791,0.08548434171187243,0.0009848912281534767,6.774166666666665,0.07884633046097006,3
0.6,0.05,1000,100,0.6056519949001461,0.004911473997062571,0.0,0.0,0.060362307727112735,0.0008533082752398023,0.10773000000000003,0.0010273880779074005,0.0,0.0,0.060362307727112735,0.0008533082752398023,4.776666666666667,0.0675746251660338,4
0.7,0.05,1000,100,0.7017085156117964,0.004511775106323665,0.0,0.0,0.04164150907211101,0.0006295763980569541,0.09064999999999998,0.0009486167494693193,0.0,0.0,0.04164150907211101,0.0006295763980569541,3.2924999999999995,0.04973971251547735,5
0.8,0.05,1000,100,0.7124266461004276,0.004222811078426239,0.0,0.0,0.03974818035351569,0.0006124595713384854,0.08882999999999999,0.0008091715429119996,0.0,0.0,0.03974818035351569,0.0006124595713384854,3.1433333333333335,0.04867895698322003,6
0.2,0.1,1000,100,0.20126618833287604,0.003566084124309748,0.0280681299467692,0.0015177034175952468,0.33678819957191564,0.0013558862151763326,0.40018,0.0012817585773089442,0.0280681299467692,0.0015177034175952468,0.33678819957191564,0.0013558862151763326,25.265833333333333,0.10792590440552652,7
0.3,0.1,1000,100,0.29765474333390474,0.0034356763764274573,0.014865155158394028,0.0013921764442903412,0.2559549192528433,0.0013929931731209333,0.3285700000000001,0.001534469605335006,0.014865155158394028,0.0013921764442903412,0.2559549192528433,0.0013929931731209333,19.204166666666666,0.105238592424918,8
0.4,0.1,1000,100,0.3991113853329582,0.0036907310572616334,0.006224199620262763,0.0007948464718715827,0.19445704886382373,0.0014025219365713288,0.27438000000000007,0.0014726997129233244,0.006224199620262763,0.0007948464718715827,0.19445704886382373,0.0014025219365713288,14.584166666666668,0.1062344924974185,9
0.5,0.1,1000,100,0.499292944925284,0.003882288815523898,0.0029730890942213533,0.0005930277586373271,0.14352072461877088,0.0011191981819116945,0.22939999999999997,0.0012736648783028533,0.0029730890942213533,0.0005930277586373271,0.14352072461877088,0.0011191981819116945,10.757499999999999,0.08550286157680728,10
0.6,0.1,1000,100,0.5980364656938577,0.0038381749903719925,0.0006970056810717704,0.00025628920737361127,0.1066737740560276,0.0011231234970839998,0.19635000000000002,0.0012845920627486249,0.0006970056810717704,0.00025628920737361127,0.1066737740560276,0.0011231234970839998,7.996666666666667,0.0849499753766787,11
0.7,0.1,1000,100,0.7011768030695926,0.0038764561421034517,9.900990099009902e-05,9.900990099009902e-05,0.07352444425191113,0.0008584774624784819,0.16599999999999998,0.0011907047399661167,9.900990099009902e-05,9.900990099009902e-05,0.07352444425191113,0.0008584774624784819,5.515833333333332,0.06516291204835598,12
0.8,0.1,1000,100,0.7970024831954432,0.0031460792586701356,0.0,0.0,0.04683814046681569,0.0007498385820810916,0.14061,0.001174638994617822,0.0,0.0,0.04683814046681569,0.0007498385820810916,3.519166666666666,0.05645552613320002,13
0.2,0.2,1000,100,0.20530018631010946,0.00286332545553781,0.051524370504685,0.001654025642818802,0.42616931524755375,0.0016453828504160721,0.53101,0.0015059139310321721,0.051524370504685,0.001654025642818802,0.42616931524755375,0.0016453828504160721,28.38583333333333,0.11909247531547776,14
0.3,0.2,1000,100,0.29788130762938625,0.00324164095244816,0.030026372991229476,0.0011070414959939631,0.34712203035988837,0.001558635176586521,0.47051000000000004,0.0015083936870563708,0.030026372991229476,0.0011070414959939631,0.34712203035988837,0.001558635176586521,23.195000000000004,0.10831209322990151,15
0.4,0.2,1000,100,0.40123519422043147,0.0037059365138805513,0.015796384815204925,0.0007836319445617037,0.27615224093225493,0.0016917702557842178,0.41803999999999997,0.001638237535347735,0.015796384815204925,0.0007836319445617037,0.27615224093225493,0.0016917702557842178,18.40083333333333,0.11676700230922617,16
0.5,0.2,1000,100,0.5011891555735349,0.0025989494600532374,0.00842911695373385,0.0006462890270370226,0.2187423806288843,0.0015047578324657177,0.37272,0.001609195796387473,0.00842911695373385,0.0006462890270370226,0.2187423806288843,0.0015047578324657177,14.59583333333333,0.10242825498186889,17
0.6,0.2,1000,100,0.5997788134949549,0.002815681102854893,0.004687459519613495,0.0004314499007896622,0.16651432388659032,0.0014337921268397873,0.33372000000000007,0.001738749114981366,0.004687459519613495,0.0004314499007896622,0.16651432388659032,0.0014337921268397873,11.07416666666667,0.09465139980988563,18
0.7,0.2,1000,100,0.7002196470939355,0.002738460664127056,0.002287975688433814,0.0003436761068482727,0.1204983945443533,0.0010770282551057996,0.297,0.0014040345904973747,0.002287975688433814,0.0003436761068482727,0.1204983945443533,0.0010770282551057996,8.021666666666668,0.0732696004044948,19
0.8,0.2,1000,100,0.7967903827900116,0.002425345962305872,0.00033941158690520707,0.00012444347135411488,0.08063725437121881,0.001008765181587971,0.26371,0.0014598529744706164,0.00033941158690520707,0.00012444347135411488,0.08063725437121881,0.001008765181587971,5.380000000000001,0.06689061711247693,20
0.2,0.5,1000,100,0.1901310452511698,0.003085279433979957,0.07093814690214954,0.0011998804092084026,0.4954691783413035,0.0023400489631728466,0.7124999999999999,0.0014491725259957874,0.07093814690214954,0.0011998804092084026,0.4954691783413035,0.0023400489631728466,20.62,0.11697482150634894,21
0.3,0.5,1000,100,0.3006082989141151,0.002972412907754821,0.04658049355730301,0.001011352494549199,0.41630956616167203,0.002176185564574144,0.6860499999999999,0.001623711610459008,0.04658049355730301,0.001011352494549199,0.41630956616167203,0.002176185564574144,17.261666666666667,0.09908404871277403,22
0.4,0.5,1000,100,0.3991412866469456,0.0029447074544874793,0.028666255148107212,0.000714201592379547,0.3485668187517886,0.002035686241220801,0.66037,0.0013492725312687448,0.028666255148107212,0.000714201592379547,0.3485668187517886,0.002035686241220801,14.5075,0.09914827376609672,23
0.5,0.5,1000,100,0.5029812520531897,0.0026443680183657926,0.018707014997499525,0.0006187441387282282,0.2884499881094383,0.002059049750168876,0.6348000000000001,0.0016956867444647729,0.018707014997499525,0.0006187441387282282,0.2884499881094383,0.002059049750168876,12.015,0.08817882427490772,24
0.6,0.5,1000,100,0.5983658941745693,0.002817537017625503,0.011315343752449063,0.0004668573469975508,0.2278304629881234,0.0021608337363545347,0.6081799999999999,0.0016124753541300319,0.011315343752449063,0.0004668573469975508,0.2278304629881234,0.0021608337363545347,9.495,0.09468048341339383,25
0.7,0.5,1000,100,0.6982265054784941,0.0022665280823868806,0.005571961891556572,0.00030486570523382243,0.1766423827849006,0.001743006109546353,0.5859099999999999,0.0016754372262158608,0.005571961891556572,0.00030486570523382243,0.1766423827849006,0.001743006109546353,7.350000000000001,0.07412035591181299,26
0.8,0.5,1000,100,0.7999267393450473,0.0018160699873657894,0.0018994680423042925,0.00019187356966136098,0.12226547155580256,0.001519598657599065,0.56149,0.0015061151444304712,0.0018994680423042925,0.00019187356966136098,0.12226547155580256,0.001519598657599065,5.081666666666666,0.0665611538766209,27
